id,first_name,last_name,gender,Department,Salary,Bonus
1,Mara,Tregensoe,F,Marketing,127529,24560.9773
2,Gratia,Paulsen,F,HR,89415,6024.946075
3,Brandyn,Simonin,M,Operations,84468,11756.72176
4,Hermie,O'Lagene,M,HR,131185,13657.37094
5,Karoline,Benditt,F,IT,107302,14579.43594
6,Edmon,Mableson,M,Marketing,61486,9326.304634
7,Derrick,O'Curneen,M,Operations,73403,5563.576925
8,Arnaldo,Hendron,M,IT,76624,10429.45412
9,Banky,Gulland,M,Marketing,110011,17633.64615
10,Murial,Fain,F,HR,129675,9144.612308
11,Marlie,Adanet,F,Marketing,123763,10779.96628
12,Georgie,Armer,M,Finance,134896,25548.99769
13,Harv,Beamson,M,Operations,124848,15426.18943
14,Maggi,Tunaclift,F,Operations,140379,10253.92811
15,Tonie,Sleet,F,Marketing,65321,10836.15812
16,Jacobo,Po,M,HR,93886,6066.141939
17,Mervin,Viner,M,Marketing,101588,11868.15973
18,Gusella,Bewlie,F,IT,106753,20009.56075
19,Giacomo,Lushey,M,IT,112273,5999.421134
20,Lynnett,Connikie,F,IT,53758,4467.770895
21,Dick,Hagergham,M,Operations,138339,11557.08062
22,Jeramie,Varne,M,HR,136908,11959.01421
23,Ebenezer,M'cowis,M,Finance,122995,8694.848533
24,Milena,Trenfield,F,HR,73161,8158.19868
25,Denver,Pate,M,Marketing,104546,10628.10469
26,Brok,Hunston,M,Marketing,78205,8710.902684
27,Lynnett,Norley,F,Marketing,69526,10186.56631
28,Donia,Franzetti,F,IT,90205,11831.5389
29,Daveen,Carss,F,Finance,118337,6115.950553
30,Gillian,Gentric,F,Finance,71215,12177.89749
31,Adriane,MacPhaden,F,Finance,123275,17684.43665
32,Orelie,Pinchen,F,Finance,126585,17121.43686
33,Dante,Noddles,M,HR,95258,13761.32728
34,Raphael,Clemmett,M,Operations,121226,18998.93391
35,Kalila,De Gogay,F,Operations,84603,14903.54953
36,Constantino,Naish,M,Finance,133560,10710.46283
37,Ferrel,Pruckner,M,IT,123929,10665.24337
38,Anderea,Cartledge,F,Operations,89218,9859.351328
39,Gene,Bennitt,F,Marketing,86837,10359.0176
40,Lewes,Topling,M,Finance,134630,24507.05402
41,Georgetta,Doree,F,Marketing,91788,9545.170599
42,Raffarty,Jacomb,M,HR,135995,25052.12637
43,Jacinthe,Grinval,F,Marketing,143159,8601.007412
44,Son,Nuzzetti,M,Operations,137807,17958.66539
45,Massimo,Kolinsky,M,Operations,76289,13600.90812
46,Neysa,Greenham,F,IT,144846,10896.13619
47,Timi,Llewelly,F,Operations,65047,8435.225221
48,Gaelan,Brennan,M,Finance,78579,14284.12704
49,Inez,Humphrys,F,Finance,87577,11820.84709
50,Guenna,Cropton,F,Operations,135814,10621.32881
51,Piggy,Symes,M,Finance,66135,9290.950999
52,Derry,Londing,M,HR,132780,9443.297103
53,Jonathan,Lerhinan,M,HR,107141,18184.94634
54,Bernette,Lavall,F,Operations,54114,4079.494097
55,Lin,Greasty,M,Marketing,56132,9953.924919
56,Lorilyn,Edward,F,IT,85110,10081.47233
57,Miof mela,Aluard,F,IT,126797,21244.76343
58,Dominga,Pulster,F,Marketing,109131,18750.43551
59,Theodore,Bulpitt,M,Finance,132212,7222.480359
60,Nickie,Kettleson,M,Marketing,126689,24217.05662
61,Fayette,Jesson,F,HR,79395,7615.38381
62,Randy,Rawstorn,M,Finance,79252,13851.34947
63,Jedd,Gowenlock,M,IT,109105,21729.67382
64,Jules,Brounsell,M,Marketing,115815,9646.607391
65,Cory,Vakhrushev,M,Finance,117387,7819.414407
66,Maribelle,Ruvel,F,Operations,93747,10925.76838
67,Ulrich,Turneux,M,HR,141863,7768.986541
68,Mareah,Daily,F,IT,61081,5541.077268
69,Annette,Bucham,F,Operations,121371,24235.57862
70,Ambur,Barnard,F,HR,131448,6660.888506
71,Hubey,Moppett,M,Operations,119382,7431.476482
72,Donia,Fomichyov,F,Marketing,81758,15049.35729
73,Lamar,Solano,M,IT,102890,9595.348698
74,Polly,Readwood,F,Finance,146672,7389.90582
75,Bernadette,Schneider,F,IT,120205,12365.7641
76,Wylie,Goode,M,Marketing,101638,16565.02755
77,Joete,Doust,F,Marketing,85813,7771.812948
78,Shelby,Kesper,F,Finance,95613,13927.01434
79,Meredithe,Defty,F,Marketing,76294,6737.29415
80,Justus,Bearblock,M,Finance,90735,6303.743817
81,Noach,Van Oort,M,Operations,107749,11231.48274
82,Roselle,Lendrem,F,Operations,135061,20817.69644
83,Sal,Hawksley,M,HR,139365,7229.283254
84,Jacquelyn,Gennerich,F,Marketing,117299,20371.76871
85,Payton,Renshaw,M,Operations,103060,11674.70298
86,Piper,Hairsnape,F,Finance,81275,11674.2809
87,Justinian,Louw,M,Marketing,52585,8621.971693
88,Vanna,Posnett,F,Finance,74350,9506.539835
89,Karim,Cain,M,HR,96914,18383.08188
90,Roberto,Von Gladbach,M,Marketing,133779,25250.33252
91,Lamar,Billyeald,M,IT,95303,11546.59709
92,Katinka,Quiddihy,F,IT,78199,6219.321016
93,Flossie,Tesh,F,Operations,126407,11020.31086
94,Ike,Leppington,M,IT,109903,14231.27006
95,Matty,Attenburrow,F,Finance,88908,7915.893419
96,Zane,Keers,M,Marketing,83312,10663.40885
97,Bradley,Igoe,M,Operations,91488,9870.509601
98,Nefen,Summerson,M,HR,106406,14335.96064
99,Mona,Winders,F,IT,127404,8058.688983
100,Celisse,Parren,F,Operations,51593,8346.177693
